<?xml version="1.0" encoding="UTF-8"?>
<!DOCTYPE mapper PUBLIC "-//mybatis.org//DTD Mapper 3.0//EN" "http://mybatis.org/dtd/mybatis-3-mapper.dtd">
<mapper namespace="com.me.dao.UserDao">
  <resultMap id="BaseResultMap" type="com.me.models.User">
    <id column="id" jdbcType="INTEGER" property="id" />
    <result column="name" jdbcType="VARCHAR" property="name" />
    <result column="email" jdbcType="VARCHAR" property="email" />
    <result column="cdate" jdbcType="TIMESTAMP" property="cdate" />
  </resultMap>
  <sql id="Base_Column_List">
    id, name, email, cdate
  </sql>
  <select id="selectByPrimaryKey" parameterType="java.lang.Integer" resultMap="BaseResultMap">
    select
    <include refid="Base_Column_List" />
    from users
    where id = #{id,jdbcType=INTEGER}
  </select>
  <delete id="deleteByPrimaryKey" parameterType="java.lang.Integer">
    delete from users
    where id = #{id,jdbcType=INTEGER}
  </delete>
  <insert id="insert" parameterType="com.me.models.User">
    insert into users (id, name, email, 
      cdate)
    values (#{id,jdbcType=INTEGER}, #{name,jdbcType=VARCHAR}, #{email,jdbcType=VARCHAR}, 
      #{cdate,jdbcType=TIMESTAMP})
  </insert>
  <insert id="insertSelective" parameterType="com.me.models.User">
    insert into users
    <trim prefix="(" suffix=")" suffixOverrides=",">
      <if test="id != null">
        id,
      </if>
      <if test="name != null">
        name,
      </if>
      <if test="email != null">
        email,
      </if>
      <if test="cdate != null">
        cdate,
      </if>
    </trim>
    <trim prefix="values (" suffix=")" suffixOverrides=",">
      <if test="id != null">
        #{id,jdbcType=INTEGER},
      </if>
      <if test="name != null">
        #{name,jdbcType=VARCHAR},
      </if>
      <if test="email != null">
        #{email,jdbcType=VARCHAR},
      </if>
      <if test="cdate != null">
        #{cdate,jdbcType=TIMESTAMP},
      </if>
    </trim>
  </insert>
  <update id="updateByPrimaryKeySelective" parameterType="com.me.models.User">
    update users
    <set>
      <if test="name != null">
        name = #{name,jdbcType=VARCHAR},
      </if>
      <if test="email != null">
        email = #{email,jdbcType=VARCHAR},
      </if>
      <if test="cdate != null">
        cdate = #{cdate,jdbcType=TIMESTAMP},
      </if>
    </set>
    where id = #{id,jdbcType=INTEGER}
  </update>
  <update id="updateByPrimaryKey" parameterType="com.me.models.User">
    update users
    set name = #{name,jdbcType=VARCHAR},
      email = #{email,jdbcType=VARCHAR},
      cdate = #{cdate,jdbcType=TIMESTAMP}
    where id = #{id,jdbcType=INTEGER}
  </update>
</mapper>